vecchia_url,risposta_oggi,controllato_il,prima_copia_in_archivio,prova_archivio_prima_copia,ultima_copia_prima_del_nuovo_sito,prova_archivio_ultima_copia
https://www.hotelmontagnards.com/09-agosto-2024-trekking-al-col-croce-con-la-guida-escursionistica/,404,2026-10-09 18:20,2024-08-06,https://web.archive.org/web/20240806103821/https://www.hotelmontagnards.com/09-agosto-2024-trekking-al-col-croce-con-la-guida-escursionistica/,,
https://www.hotelmontagnards.com/12-agosto-2024-il-laghetto-nascosto-di-les-ors-gita-con-la-guida/,404,2026-10-09 18:20,2024-08-06,https://web.archive.org/web/20240806115431/https://www.hotelmontagnards.com/12-agosto-2024-il-laghetto-nascosto-di-les-ors-gita-con-la-guida/,,
https://www.hotelmontagnards.com/18-agosto-24-gita-con-guida-presso-il-lago-verney-e-il-vallone-di-breuil-la-thuile/,404,2026-10-09 18:20,2024-08-06,https://web.archive.org/web/20240806111216/https://www.hotelmontagnards.com/18-agosto-24-gita-con-guida-presso-il-lago-verney-e-il-vallone-di-breuil-la-thuile/,,
https://www.hotelmontagnards.com/1953/,404,2026-10-09 18:20,2024-07-23,https://web.archive.org/web/20240723013056/https://www.hotelmontagnards.com/1953/,,
https://www.hotelmontagnards.com/a-due-passi-dal-relax/,404,2026-10-09 18:20,2023-01-28,https://web.archive.org/web/20230128125747/https://www.hotelmontagnards.com/a-due-passi-dal-relax/,2025-10-06,https://web.archive.org/web/20251006005612/https://www.hotelmontagnards.com/a-due-passi-dal-relax/
https://www.hotelmontagnards.com/a-spasso-tra-vigneti-e-castelli/,404,2026-10-09 18:20,2023-01-28,https://web.archive.org/web/20230128142658/https://www.hotelmontagnards.com/a-spasso-tra-vigneti-e-castelli/,2025-10-06,https://web.archive.org/web/20251006020921/https://www.hotelmontagnards.com/a-spasso-tra-vigneti-e-castelli/
https://www.hotelmontagnards.com/accensione-dellalbero-di-natale-a-morgex/,404,2026-10-09 18:20,2024-02-24,https://web.archive.org/web/20240224030254/https://www.hotelmontagnards.com/accensione-dellalbero-di-natale-a-morgex/,,
https://www.hotelmontagnards.com/category/attivita/,404,2026-10-09 18:20,2023-01-28,https://web.archive.org/web/20230128143641/https://www.hotelmontagnards.com/category/attivita/,,
https://www.hotelmontagnards.com/category/benessere/,404,2026-10-09 18:20,2023-01-28,https://web.archive.org/web/20230128142854/https://www.hotelmontagnards.com/category/benessere/,,
https://www.hotelmontagnards.com/category/non-categorizzato/,404,2026-10-09 18:20,2024-02-24,https://web.archive.org/web/20240224024457/https://www.hotelmontagnards.com/category/non-categorizzato/,,
https://www.hotelmontagnards.com/category/promozioni/,404,2026-10-09 18:20,2023-01-28,https://web.archive.org/web/20230128142547/https://www.hotelmontagnards.com/category/promozioni/,2025-10-06,https://web.archive.org/web/20251006020847/https://www.hotelmontagnards.com/category/promozioni/
https://www.hotelmontagnards.com/cookie-policy/,404,2026-10-09 18:20,2023-01-28,https://web.archive.org/web/20230128142933/https://www.hotelmontagnards.com/cookie-policy/,,
https://www.hotelmontagnards.com/dalle-stelle-alle-stalle-la-desarpa/,404,2026-10-09 18:20,2023-01-28,https://web.archive.org/web/20230128134916/https://www.hotelmontagnards.com/dalle-stelle-alle-stalle-la-desarpa/,,
https://www.hotelmontagnards.com/en/a-stones-throw-from-relaxation/,404,2026-10-09 18:20,2023-03-28,https://web.archive.org/web/20230328153155/https://www.hotelmontagnards.com/en/a-stones-throw-from-relaxation/,,
https://www.hotelmontagnards.com/en/availability-request/,404,2026-10-09 18:20,2023-03-28,https://web.archive.org/web/20230328142734/https://www.hotelmontagnards.com/en/availability-request/,,
https://www.hotelmontagnards.com/en/contact/,404,2026-10-09 18:20,2023-01-28,https://web.archive.org/web/20230128134335/https://www.hotelmontagnards.com/en/contact/,2025-10-06,https://web.archive.org/web/20251006013443/https://www.hotelmontagnards.com/en/contact/
https://www.hotelmontagnards.com/en/cookie-policy/,404,2026-10-09 18:20,2023-03-28,https://web.archive.org/web/20230328143535/https://www.hotelmontagnards.com/en/cookie-policy/,,
https://www.hotelmontagnards.com/en/lake-arpy/,404,2026-10-09 18:20,2023-03-28,https://web.archive.org/web/20230328151106/https://www.hotelmontagnards.com/en/lake-arpy/,2025-10-06,https://web.archive.org/web/20251006013134/https://www.hotelmontagnards.com/en/lake-arpy/
https://www.hotelmontagnards.com/en/offers/family-promo-2021-in-june-july-and-september-you-sleep-in-4-and-you-pay-for-3/,404,2026-10-09 18:20,2023-03-28,https://web.archive.org/web/20230328153258/https://www.hotelmontagnards.com/en/offers/family-promo-2021-in-june-july-and-september-you-sleep-in-4-and-you-pay-for-3/,,
https://www.hotelmontagnards.com/en/offers/gift-idea-give-your-friends-a-stay-in-the-mountains/,404,2026-10-09 18:20,2023-03-28,https://web.archive.org/web/20230328140140/https://www.hotelmontagnards.com/en/offers/gift-idea-give-your-friends-a-stay-in-the-mountains/,,
https://www.hotelmontagnards.com/en/offers/yoga-experience/,404,2026-10-09 18:20,2023-03-28,https://web.archive.org/web/20230328141708/https://www.hotelmontagnards.com/en/offers/yoga-experience/,,
https://www.hotelmontagnards.com/en/privacy-policy/,404,2026-10-09 18:20,2023-03-28,https://web.archive.org/web/20230328153957/https://www.hotelmontagnards.com/en/privacy-policy/,2025-10-06,https://web.archive.org/web/20251006015708/https://www.hotelmontagnards.com/en/privacy-policy/
https://www.hotelmontagnards.com/en/promotions/,404,2026-10-09 18:20,2023-03-28,https://web.archive.org/web/20230328141126/https://www.hotelmontagnards.com/en/promotions/,,
https://www.hotelmontagnards.com/en/room_type/comfort-room-with-balcony-and-mont-blanc-view-2/,404,2026-10-09 18:20,2023-03-28,https://web.archive.org/web/20230328143903/https://www.hotelmontagnards.com/en/room_type/comfort-room-with-balcony-and-mont-blanc-view-2/,2025-10-06,https://web.archive.org/web/20251006010251/https://www.hotelmontagnards.com/en/room_type/comfort-room-with-balcony-and-mont-blanc-view-2/
https://www.hotelmontagnards.com/en/room_type/comfort-room-with-balcony-and-mont-blanc-view/,404,2026-10-09 18:20,2023-03-28,https://web.archive.org/web/20230328140315/https://www.hotelmontagnards.com/en/room_type/comfort-room-with-balcony-and-mont-blanc-view/,,
https://www.hotelmontagnards.com/en/room_type/double-deluxe-room-with-terrace/,404,2026-10-09 18:20,2023-03-28,https://web.archive.org/web/20230328141301/https://www.hotelmontagnards.com/en/room_type/double-deluxe-room-with-terrace/,,
https://www.hotelmontagnards.com/en/room_type/double-standard-room-with-balcony/,404,2026-10-09 18:20,2023-01-28,https://web.archive.org/web/20230128141008/https://www.hotelmontagnards.com/en/room_type/double-standard-room-with-balcony/,,
https://www.hotelmontagnards.com/en/room_type/economy-room-with-balcony/,404,2026-10-09 18:20,2023-03-28,https://web.archive.org/web/20230328151029/https://www.hotelmontagnards.com/en/room_type/economy-room-with-balcony/,,
https://www.hotelmontagnards.com/en/room_type/family-junior-suite-with-loft-and-terrace/,404,2026-10-09 18:20,2023-01-28,https://web.archive.org/web/20230128124433/https://www.hotelmontagnards.com/en/room_type/family-junior-suite-with-loft-and-terrace/,,
https://www.hotelmontagnards.com/en/season/summer/,404,2026-10-09 18:20,2023-01-28,https://web.archive.org/web/20230128140455/https://www.hotelmontagnards.com/en/season/summer/,,
https://www.hotelmontagnards.com/en/season/winter/,404,2026-10-09 18:20,2023-01-28,https://web.archive.org/web/20230128132653/https://www.hotelmontagnards.com/en/season/winter/,,
https://www.hotelmontagnards.com/en/summer/,404,2026-10-09 18:20,2023-03-28,https://web.archive.org/web/20230328141211/https://www.hotelmontagnards.com/en/summer/,,
https://www.hotelmontagnards.com/en/thank-you/,404,2026-10-09 18:20,2023-03-28,https://web.archive.org/web/20230328152842/https://www.hotelmontagnards.com/en/thank-you/,,
https://www.hotelmontagnards.com/en/when-you-want-to-admire-the-valley-from-above/,404,2026-10-09 18:20,2023-03-28,https://web.archive.org/web/20230328154754/https://www.hotelmontagnards.com/en/when-you-want-to-admire-the-valley-from-above/,,
https://www.hotelmontagnards.com/en/winter/,404,2026-10-09 18:20,2023-03-28,https://web.archive.org/web/20230328140046/https://www.hotelmontagnards.com/en/winter/,,
https://www.hotelmontagnards.com/es/,404,2026-10-09 18:20,2023-01-28,https://web.archive.org/web/20230128134726/https://www.hotelmontagnards.com/es/,,
https://www.hotelmontagnards.com/es/a-un-paso-del-relax/,404,2026-10-09 18:20,2023-03-28,https://web.archive.org/web/20230328153915/https://www.hotelmontagnards.com/es/a-un-paso-del-relax/,,
https://www.hotelmontagnards.com/es/blog/,404,2026-10-09 18:20,2023-01-28,https://web.archive.org/web/20230128123930/https://www.hotelmontagnards.com/es/blog/,,
https://www.hotelmontagnards.com/es/categoría/actividades/,404,2026-10-09 18:20,2023-03-28,https://web.archive.org/web/20230328142937/https://www.hotelmontagnards.com/es/categor%C3%ADa/actividades/,,
https://www.hotelmontagnards.com/es/categoría/bienestar/,404,2026-10-09 18:20,2023-03-28,https://web.archive.org/web/20230328160501/https://www.hotelmontagnards.com/es/categor%C3%ADa/bienestar/,,
https://www.hotelmontagnards.com/es/categoría/promociones/,404,2026-10-09 18:20,2023-03-28,https://web.archive.org/web/20230328144222/https://www.hotelmontagnards.com/es/categor%C3%ADa/promociones/,,
https://www.hotelmontagnards.com/es/contacto/,404,2026-10-09 18:20,2023-01-28,https://web.archive.org/web/20230128141842/https://www.hotelmontagnards.com/es/contacto/,,
https://www.hotelmontagnards.com/es/cuando-quieras-admirar-el-valle-desde-arriba/,404,2026-10-09 18:20,2023-03-28,https://web.archive.org/web/20230328151253/https://www.hotelmontagnards.com/es/cuando-quieras-admirar-el-valle-desde-arriba/,,
https://www.hotelmontagnards.com/es/gracias/,404,2026-10-09 18:20,2023-03-28,https://web.archive.org/web/20230328150251/https://www.hotelmontagnards.com/es/gracias/,,
https://www.hotelmontagnards.com/es/invierno/,404,2026-10-09 18:20,2023-03-28,https://web.archive.org/web/20230328153023/https://www.hotelmontagnards.com/es/invierno/,,
https://www.hotelmontagnards.com/es/lago-de-arpy/,404,2026-10-09 18:20,2023-03-28,https://web.archive.org/web/20230328145127/https://www.hotelmontagnards.com/es/lago-de-arpy/,,
https://www.hotelmontagnards.com/es/ofrece/idea-de-regalo-regale-a-sus-amigos-unas-vacaciones-en-la-montana/,404,2026-10-09 18:20,2023-03-28,https://web.archive.org/web/20230328154837/https://www.hotelmontagnards.com/es/ofrece/idea-de-regalo-regale-a-sus-amigos-unas-vacaciones-en-la-montana/,,
https://www.hotelmontagnards.com/es/ofrece/promocion-familiar-2021-en-junio-julio-y-septiembre-se-duerme-en-4-y-pagas-por-3/,404,2026-10-09 18:20,2023-03-28,https://web.archive.org/web/20230328154710/https://www.hotelmontagnards.com/es/ofrece/promocion-familiar-2021-en-junio-julio-y-septiembre-se-duerme-en-4-y-pagas-por-3/,,
https://www.hotelmontagnards.com/es/ofrece/yoga-experience/,404,2026-10-09 18:20,2023-03-28,https://web.archive.org/web/20230328155851/https://www.hotelmontagnards.com/es/ofrece/yoga-experience/,,
https://www.hotelmontagnards.com/es/politica-de-cookies/,404,2026-10-09 18:20,2023-03-28,https://web.archive.org/web/20230328150056/https://www.hotelmontagnards.com/es/politica-de-cookies/,,
https://www.hotelmontagnards.com/es/politica-de-privacidad/,404,2026-10-09 18:20,2023-03-28,https://web.archive.org/web/20230328155545/https://www.hotelmontagnards.com/es/politica-de-privacidad/,,
https://www.hotelmontagnards.com/es/promociones/,404,2026-10-09 18:20,2023-01-28,https://web.archive.org/web/20230128122844/https://www.hotelmontagnards.com/es/promociones/,,
https://www.hotelmontagnards.com/es/servicios/,404,2026-10-09 18:20,2023-01-28,https://web.archive.org/web/20230128132858/https://www.hotelmontagnards.com/es/servicios/,,
https://www.hotelmontagnards.com/es/solicitud-de-disponibilidad/,404,2026-10-09 18:20,2023-03-28,https://web.archive.org/web/20230328150330/https://www.hotelmontagnards.com/es/solicitud-de-disponibilidad/,,
https://www.hotelmontagnards.com/es/temporada/invierno/,404,2026-10-09 18:20,2023-01-28,https://web.archive.org/web/20230128122348/https://www.hotelmontagnards.com/es/temporada/invierno/,,
https://www.hotelmontagnards.com/es/temporada/verano/,404,2026-10-09 18:20,2023-01-28,https://web.archive.org/web/20230128135913/https://www.hotelmontagnards.com/es/temporada/verano/,,
https://www.hotelmontagnards.com/es/tipo_habitación/family-junior-suite-con-altillo-y-terraza/,404,2026-10-09 18:20,2023-03-28,https://web.archive.org/web/20230328142238/https://www.hotelmontagnards.com/es/tipo_habitaci%C3%B3n/family-junior-suite-con-altillo-y-terraza/,,
https://www.hotelmontagnards.com/es/tipo_habitación/habitacion-doble-deluxe-con-terraza/,404,2026-10-09 18:20,2023-06-10,https://web.archive.org/web/20230610105811/https://www.hotelmontagnards.com/es/tipo_habitaci%C3%B3n/habitacion-doble-deluxe-con-terraza/,,
https://www.hotelmontagnards.com/es/tipo_habitación/habitacion-doble-standard-con-balcon/,404,2026-10-09 18:20,2023-03-28,https://web.archive.org/web/20230328150214/https://www.hotelmontagnards.com/es/tipo_habitaci%C3%B3n/habitacion-doble-standard-con-balcon/,,
https://www.hotelmontagnards.com/es/verano/,404,2026-10-09 18:20,2023-06-10,https://web.archive.org/web/20230610122607/https://www.hotelmontagnards.com/es/verano/,,
https://www.hotelmontagnards.com/estate/,404,2026-10-09 18:20,2023-01-28,https://web.archive.org/web/20230128125400/https://www.hotelmontagnards.com/estate/,,
https://www.hotelmontagnards.com/fr/a-un-jet-de-pierre-de-la-detente/,404,2026-10-09 18:20,2023-03-28,https://web.archive.org/web/20230328155349/https://www.hotelmontagnards.com/fr/a-un-jet-de-pierre-de-la-detente/,,
https://www.hotelmontagnards.com/fr/categorie/promotions-fr/,404,2026-10-09 18:20,2023-03-28,https://web.archive.org/web/20230328152237/https://www.hotelmontagnards.com/fr/categorie/promotions-fr/,,
https://www.hotelmontagnards.com/fr/contact/,404,2026-10-09 18:20,2023-01-28,https://web.archive.org/web/20230128132040/https://www.hotelmontagnards.com/fr/contact/,,
https://www.hotelmontagnards.com/fr/demande-de-disponibilite/,404,2026-10-09 18:20,2023-03-28,https://web.archive.org/web/20230328154038/https://www.hotelmontagnards.com/fr/demande-de-disponibilite/,,
https://www.hotelmontagnards.com/fr/ete/,404,2026-10-09 18:20,2023-03-28,https://web.archive.org/web/20230328140437/https://www.hotelmontagnards.com/fr/ete/,,
https://www.hotelmontagnards.com/fr/hiver/,404,2026-10-09 18:20,2023-03-28,https://web.archive.org/web/20230328141621/https://www.hotelmontagnards.com/fr/hiver/,,
https://www.hotelmontagnards.com/fr/le-lac-darpy/,404,2026-10-09 18:20,2023-03-28,https://web.archive.org/web/20230328150015/https://www.hotelmontagnards.com/fr/le-lac-darpy/,,
https://www.hotelmontagnards.com/fr/merci/,404,2026-10-09 18:20,2023-03-28,https://web.archive.org/web/20230328143019/https://www.hotelmontagnards.com/fr/merci/,,
https://www.hotelmontagnards.com/fr/offre/idee-de-cadeau-offrez-a-vos-amis-un-sejour-a-la-montagne/,404,2026-10-09 18:20,2023-03-28,https://web.archive.org/web/20230328160121/https://www.hotelmontagnards.com/fr/offre/idee-de-cadeau-offrez-a-vos-amis-un-sejour-a-la-montagne/,,
https://www.hotelmontagnards.com/fr/offre/promo-famille-2021-en-juin-juillet-et-septembre-vous-dormez-a-4-et-vous-payez-pour-3/,404,2026-10-09 18:20,2023-03-28,https://web.archive.org/web/20230328142407/https://www.hotelmontagnards.com/fr/offre/promo-famille-2021-en-juin-juillet-et-septembre-vous-dormez-a-4-et-vous-payez-pour-3/,,
https://www.hotelmontagnards.com/fr/offre/yoga-experience/,404,2026-10-09 18:20,2023-03-28,https://web.archive.org/web/20230328160431/https://www.hotelmontagnards.com/fr/offre/yoga-experience/,,
https://www.hotelmontagnards.com/fr/politique-de-confidentialite/,404,2026-10-09 18:20,2023-03-28,https://web.archive.org/web/20230328150408/https://www.hotelmontagnards.com/fr/politique-de-confidentialite/,,
https://www.hotelmontagnards.com/fr/politique-de-cookies/,404,2026-10-09 18:20,2023-03-28,https://web.archive.org/web/20230328151723/https://www.hotelmontagnards.com/fr/politique-de-cookies/,,
https://www.hotelmontagnards.com/fr/promotions/,404,2026-10-09 18:20,2023-03-28,https://web.archive.org/web/20230328160200/https://www.hotelmontagnards.com/fr/promotions/,,
https://www.hotelmontagnards.com/fr/quand-on-veut-admirer-la-vallee-den-haut/,404,2026-10-09 18:20,2023-03-28,https://web.archive.org/web/20230328154114/https://www.hotelmontagnards.com/fr/quand-on-veut-admirer-la-vallee-den-haut/,,
https://www.hotelmontagnards.com/fr/saison/ete/,404,2026-10-09 18:20,2023-10-04,https://web.archive.org/web/20231004205330/https://www.hotelmontagnards.com/fr/saison/ete/,,
https://www.hotelmontagnards.com/fr/saison/hiver/,404,2026-10-09 18:20,2023-01-28,https://web.archive.org/web/20230128143318/https://www.hotelmontagnards.com/fr/saison/hiver/,,
https://www.hotelmontagnards.com/fr/type_chambre/chambre-double-comfort-avec-balcon-et-vue-sur-le-mont-blanc/,404,2026-10-09 18:20,2023-03-28,https://web.archive.org/web/20230328155927/https://www.hotelmontagnards.com/fr/type_chambre/chambre-double-comfort-avec-balcon-et-vue-sur-le-mont-blanc/,,
https://www.hotelmontagnards.com/fr/type_chambre/chambre-double-econome-avec-balcon/,404,2026-10-09 18:20,2023-03-28,https://web.archive.org/web/20230328154507/https://www.hotelmontagnards.com/fr/type_chambre/chambre-double-econome-avec-balcon/,,
https://www.hotelmontagnards.com/fr/type_chambre/family-junior-suite-avec-mezzanine-et-terrasse/,404,2026-10-09 18:20,2023-01-28,https://web.archive.org/web/20230128140416/https://www.hotelmontagnards.com/fr/type_chambre/family-junior-suite-avec-mezzanine-et-terrasse/,,
https://www.hotelmontagnards.com/fr/type_chambre/hambre-double-deluxe-avec-terrasse/,404,2026-10-09 18:20,2023-03-28,https://web.archive.org/web/20230328160005/https://www.hotelmontagnards.com/fr/type_chambre/hambre-double-deluxe-avec-terrasse/,,
https://www.hotelmontagnards.com/fr/type_chambre/matrimoniale-standard-avec-balcon/,404,2026-10-09 18:20,2023-01-28,https://web.archive.org/web/20230128134840/https://www.hotelmontagnards.com/fr/type_chambre/matrimoniale-standard-avec-balcon/,,
https://www.hotelmontagnards.com/il-cammino-balteo/,404,2026-10-09 18:20,2023-03-28,https://web.archive.org/web/20230328154547/https://www.hotelmontagnards.com/il-cammino-balteo/,,
https://www.hotelmontagnards.com/il-marche-vert-noel-e-tornato-ad-aosta/,404,2026-10-09 18:20,2024-02-24,https://web.archive.org/web/20240224035516/https://www.hotelmontagnards.com/il-marche-vert-noel-e-tornato-ad-aosta/,,
https://www.hotelmontagnards.com/in-piazza-a-morgex-si-pattina-sul-ghiaccio/,404,2026-10-09 18:20,2024-02-24,https://web.archive.org/web/20240224024704/https://www.hotelmontagnards.com/in-piazza-a-morgex-si-pattina-sul-ghiaccio/,,
https://www.hotelmontagnards.com/inverno/,404,2026-10-09 18:20,2023-03-28,https://web.archive.org/web/20230328154232/https://www.hotelmontagnards.com/inverno/,,
https://www.hotelmontagnards.com/lac-sans-fond-e-mont-lancebranlette-gita-con-la-guida-escursionistica/,404,2026-10-09 18:20,2024-07-23,https://web.archive.org/web/20240723021046/https://www.hotelmontagnards.com/lac-sans-fond-e-mont-lancebranlette-gita-con-la-guida-escursionistica/,,
https://www.hotelmontagnards.com/licony-trail-2023/,404,2026-10-09 18:20,2023-06-10,https://web.archive.org/web/20230610112501/https://www.hotelmontagnards.com/licony-trail-2023/,,
https://www.hotelmontagnards.com/marche-vert-noel-mercatino-di-natale-a-aosta/,404,2026-10-09 18:20,2023-01-28,https://web.archive.org/web/20230128133103/https://www.hotelmontagnards.com/marche-vert-noel-mercatino-di-natale-a-aosta/,,
https://www.hotelmontagnards.com/neve-neve-neve-ma-sulle-ciaspole/,404,2026-10-09 18:20,2023-01-28,https://web.archive.org/web/20230128141515/https://www.hotelmontagnards.com/neve-neve-neve-ma-sulle-ciaspole/,,
https://www.hotelmontagnards.com/noi-siamo-la-tua-vacanza/,404,2026-10-09 18:20,2024-02-24,https://web.archive.org/web/20240224022012/https://www.hotelmontagnards.com/noi-siamo-la-tua-vacanza/,,
https://www.hotelmontagnards.com/offerte/come-in-una-favola/,404,2026-10-09 18:20,2023-01-28,https://web.archive.org/web/20230128122514/https://www.hotelmontagnards.com/offerte/come-in-una-favola/,,
https://www.hotelmontagnards.com/offerte/idea-regalo-regalate-un-soggiorno-in-montagna-ai-vostri-amici/,404,2026-10-09 18:20,2023-01-28,https://web.archive.org/web/20230128124736/https://www.hotelmontagnards.com/offerte/idea-regalo-regalate-un-soggiorno-in-montagna-ai-vostri-amici/,,
https://www.hotelmontagnards.com/offerte/natale-sulle-alpi/,404,2026-10-09 18:20,2023-01-28,https://web.archive.org/web/20230128131149/https://www.hotelmontagnards.com/offerte/natale-sulle-alpi/,,
https://www.hotelmontagnards.com/offerte/unoccasione-speciale/,404,2026-10-09 18:20,2023-01-28,https://web.archive.org/web/20230128124254/https://www.hotelmontagnards.com/offerte/unoccasione-speciale/,,
https://www.hotelmontagnards.com/offerte/yoga-experience/,404,2026-10-09 18:20,2023-01-28,https://web.archive.org/web/20230128142244/https://www.hotelmontagnards.com/offerte/yoga-experience/,,
https://www.hotelmontagnards.com/privacy-policy/,404,2026-10-09 18:20,2023-01-28,https://web.archive.org/web/20230128141556/https://www.hotelmontagnards.com/privacy-policy/,,
https://www.hotelmontagnards.com/promozioni/,404,2026-10-09 18:20,2023-01-28,https://web.archive.org/web/20230128132939/https://www.hotelmontagnards.com/promozioni/,,
https://www.hotelmontagnards.com/quando-la-valle-la-vuoi-ammirare-dallalto/,404,2026-10-09 18:20,2023-01-28,https://web.archive.org/web/20230128140216/https://www.hotelmontagnards.com/quando-la-valle-la-vuoi-ammirare-dallalto/,,
https://www.hotelmontagnards.com/richiesta-disponibilita/,404,2026-10-09 18:20,2023-01-28,https://web.archive.org/web/20230128124950/https://www.hotelmontagnards.com/richiesta-disponibilita/,,
https://www.hotelmontagnards.com/thank-you/,404,2026-10-09 18:20,2023-01-28,https://web.archive.org/web/20230128125035/https://www.hotelmontagnards.com/thank-you/,,
https://www.hotelmontagnards.com/tipo_camere/camera-doppia-comfort-con-balcone-vista-monte-bianco/,404,2026-10-09 18:20,2023-03-28,https://web.archive.org/web/20230328154152/https://www.hotelmontagnards.com/tipo_camere/camera-doppia-comfort-con-balcone-vista-monte-bianco/,,
https://www.hotelmontagnards.com/tipo_camere/camera-matrimoniale-economy-con-balcone/,404,2026-10-09 18:20,2023-01-28,https://web.archive.org/web/20230128132733/https://www.hotelmontagnards.com/tipo_camere/camera-matrimoniale-economy-con-balcone/,,
https://www.hotelmontagnards.com/tipo_camere/family-junior-suite-con-soppalco-e-terrazza/,404,2026-10-09 18:20,2023-01-28,https://web.archive.org/web/20230128142512/https://www.hotelmontagnards.com/tipo_camere/family-junior-suite-con-soppalco-e-terrazza/,,
https://www.hotelmontagnards.com/tipo_camere/matrimoniale-deluxe-con-terrazza/,404,2026-10-09 18:20,2023-03-28,https://web.archive.org/web/20230328152525/https://www.hotelmontagnards.com/tipo_camere/matrimoniale-deluxe-con-terrazza/,,
https://www.hotelmontagnards.com/tipo_camere/matrimoniale-standard-con-balcone/,404,2026-10-09 18:20,2023-01-28,https://web.archive.org/web/20230128142436/https://www.hotelmontagnards.com/tipo_camere/matrimoniale-standard-con-balcone/,,
https://www.hotelmontagnards.com/tour-storico-tra-castelli-medievali-e-resti-romani/,404,2026-10-09 18:20,2023-01-28,https://web.archive.org/web/20230128141433/https://www.hotelmontagnards.com/tour-storico-tra-castelli-medievali-e-resti-romani/,,
