vecchia_url,stato_oggi,nuova_url_proposta,note
/09-agosto-2024-trekking-al-col-croce-con-la-guida-escursionistica/,404,/esperienze/trekking,
/12-agosto-2024-il-laghetto-nascosto-di-les-ors-gita-con-la-guida/,404,/esperienze/trekking,
/18-agosto-24-gita-con-guida-presso-il-lago-verney-e-il-vallone-di-breuil-la-thuile/,404,/dintorni/la-thuile,
/1953/,404,/ (pagina sconosciuta: verificare),
/a-due-passi-dal-relax/,404,/a-due-passi-dal-relax.html,
/a-spasso-tra-vigneti-e-castelli/,404,/a-spasso-tra-vigneti-e-castelli.html,
/accensione-dellalbero-di-natale-a-morgex/,404,/dintorni/morgex,
/category/attivita/,404,/categoria/attivita,
/category/benessere/,404,/servizi/spa,
/category/non-categorizzato/,404,/blog,
/category/promozioni/,404,/offerte,
/cookie-policy/,404,"— manca la pagina privacy: crearla, poi reindirizzare qui",
/dalle-stelle-alle-stalle-la-desarpa/,404,/dintorni/morgex,
/en/a-stones-throw-from-relaxation/,404,/en/a-short-step-from-relaxation.html,
/en/availability-request/,404,/en/contacts,
/en/contact/,404,/en/contacts,
/en/cookie-policy/,404,"— manca la pagina privacy: crearla, poi reindirizzare qui",
/en/lake-arpy/,404,/en/experiences/trekking,
/en/offers/family-promo-2021-in-june-july-and-september-you-sleep-in-4-and-you-pay-for-3/,404,/en/offers,
/en/offers/gift-idea-give-your-friends-a-stay-in-the-mountains/,404,/en/offers/gift-idea,
/en/offers/yoga-experience/,404,/en/offers,
/en/privacy-policy/,404,"— manca la pagina privacy: crearla, poi reindirizzare qui",
/en/promotions/,404,/en/offers,
/en/room_type/comfort-room-with-balcony-and-mont-blanc-view-2/,404,/en/rooms/comfort-double-room-mont-blanc,
/en/room_type/comfort-room-with-balcony-and-mont-blanc-view/,404,/en/rooms/comfort-double-room-mont-blanc,
/en/room_type/double-deluxe-room-with-terrace/,404,/en/rooms/superior-room-with-terrace,
/en/room_type/double-standard-room-with-balcony/,404,/en/rooms/standard-double-room-with-balcony,
/en/room_type/economy-room-with-balcony/,404,/en/rooms/double-economy-room-with-balcony,
/en/room_type/family-junior-suite-with-loft-and-terrace/,404,/en/rooms/family-junior-suite-duplex,
/en/season/summer/,404,/en/what-to-do/summer,
/en/season/winter/,404,/en/what-to-do/winter,
/en/summer/,404,/en/what-to-do/summer,
/en/thank-you/,404,/en/contacts,
/en/when-you-want-to-admire-the-valley-from-above/,404,/en/when-you-want-to-admire-the-valley-from-above.html,
/en/winter/,404,/en/what-to-do/winter,
/es/,404,/en,versione spagnola eliminata: mandata all'inglese
/es/a-un-paso-del-relax/,404,/en/a-short-step-from-relaxation.html,versione spagnola eliminata: mandata all'inglese
/es/blog/,404,/en/blog,versione spagnola eliminata: mandata all'inglese
/es/categoría/actividades/,404,/en/category/activities,versione spagnola eliminata: mandata all'inglese
/es/categoría/bienestar/,404,/en/services/spa,versione spagnola eliminata: mandata all'inglese
/es/categoría/promociones/,404,/en/offers,versione spagnola eliminata: mandata all'inglese
/es/contacto/,404,/en/contacts,versione spagnola eliminata: mandata all'inglese
/es/cuando-quieras-admirar-el-valle-desde-arriba/,404,/en/when-you-want-to-admire-the-valley-from-above.html,versione spagnola eliminata: mandata all'inglese
/es/gracias/,404,/en/contacts,versione spagnola eliminata: mandata all'inglese
/es/invierno/,404,/en/what-to-do/winter,versione spagnola eliminata: mandata all'inglese
/es/lago-de-arpy/,404,/en/experiences/trekking,versione spagnola eliminata: mandata all'inglese
/es/ofrece/idea-de-regalo-regale-a-sus-amigos-unas-vacaciones-en-la-montana/,404,/en/offers/gift-idea,versione spagnola eliminata: mandata all'inglese
/es/ofrece/promocion-familiar-2021-en-junio-julio-y-septiembre-se-duerme-en-4-y-pagas-por-3/,404,/en/offers,versione spagnola eliminata: mandata all'inglese
/es/ofrece/yoga-experience/,404,/en/offers,versione spagnola eliminata: mandata all'inglese
/es/politica-de-cookies/,404,"— manca la pagina privacy: crearla, poi reindirizzare qui",versione spagnola eliminata: mandata all'inglese
/es/politica-de-privacidad/,404,"— manca la pagina privacy: crearla, poi reindirizzare qui",versione spagnola eliminata: mandata all'inglese
/es/promociones/,404,/en/offers,versione spagnola eliminata: mandata all'inglese
/es/servicios/,404,/en/services,versione spagnola eliminata: mandata all'inglese
/es/solicitud-de-disponibilidad/,404,/en/contacts,versione spagnola eliminata: mandata all'inglese
/es/temporada/invierno/,404,/en/what-to-do/winter,versione spagnola eliminata: mandata all'inglese
/es/temporada/verano/,404,/en/what-to-do/summer,versione spagnola eliminata: mandata all'inglese
/es/tipo_habitación/family-junior-suite-con-altillo-y-terraza/,404,/en/rooms/family-junior-suite-duplex,versione spagnola eliminata: mandata all'inglese
/es/tipo_habitación/habitacion-doble-deluxe-con-terraza/,404,/en/rooms/superior-room-with-terrace,versione spagnola eliminata: mandata all'inglese
/es/tipo_habitación/habitacion-doble-standard-con-balcon/,404,/en/rooms/standard-double-room-with-balcony,versione spagnola eliminata: mandata all'inglese
/es/verano/,404,/en/what-to-do/summer,versione spagnola eliminata: mandata all'inglese
/estate/,404,/cosa-fare/estate,
/fr/a-un-jet-de-pierre-de-la-detente/,404,/fr/a-deux-pas-du-bien-etre.html,
/fr/categorie/promotions-fr/,404,/fr/offres,
/fr/contact/,404,/fr/contacts,
/fr/demande-de-disponibilite/,404,/fr/contacts,
/fr/ete/,404,/fr/que-faire/ete,
/fr/hiver/,404,/fr/que-faire/hiver,
/fr/le-lac-darpy/,404,/fr/experiences/randonnees,
/fr/merci/,404,/fr/contacts,
/fr/offre/idee-de-cadeau-offrez-a-vos-amis-un-sejour-a-la-montagne/,404,/fr/offres/idee-cadeau,
/fr/offre/promo-famille-2021-en-juin-juillet-et-septembre-vous-dormez-a-4-et-vous-payez-pour-3/,404,/fr/offres,
/fr/offre/yoga-experience/,404,/fr/offres,
/fr/politique-de-confidentialite/,404,"— manca la pagina privacy: crearla, poi reindirizzare qui",
/fr/politique-de-cookies/,404,"— manca la pagina privacy: crearla, poi reindirizzare qui",
/fr/promotions/,404,/fr/offres,
/fr/quand-on-veut-admirer-la-vallee-den-haut/,404,/fr/quand-tu-veux-admirer-la-vallee-den-haut.html,
/fr/saison/ete/,404,/fr/que-faire/ete,
/fr/saison/hiver/,404,/fr/que-faire/hiver,
/fr/type_chambre/chambre-double-comfort-avec-balcon-et-vue-sur-le-mont-blanc/,404,/fr/chambres/double-comfort-mont-blanc,
/fr/type_chambre/chambre-double-econome-avec-balcon/,404,/fr/chambres/chambre-double-economy-avec-balcon,
/fr/type_chambre/family-junior-suite-avec-mezzanine-et-terrasse/,404,/fr/chambres/chambre-familiale-en-duplex-family-junior-suite,
/fr/type_chambre/hambre-double-deluxe-avec-terrasse/,404,/fr/chambres/chambre-superior-avec-terrasse,
/fr/type_chambre/matrimoniale-standard-avec-balcon/,404,/fr/chambres/double-standard-avec-balcon,
/il-cammino-balteo/,404,/il-cammino-balteo-primavera-e-autunno.html,
/il-marche-vert-noel-e-tornato-ad-aosta/,404,/cosa-fare/inverno,
/in-piazza-a-morgex-si-pattina-sul-ghiaccio/,404,/dintorni/morgex,
/inverno/,404,/cosa-fare/inverno,
/lac-sans-fond-e-mont-lancebranlette-gita-con-la-guida-escursionistica/,404,/esperienze/trekking,
/licony-trail-2023/,404,/esperienze/trekking,
/marche-vert-noel-mercatino-di-natale-a-aosta/,404,/cosa-fare/inverno,
/neve-neve-neve-ma-sulle-ciaspole/,404,/esperienze/ciaspole,
/noi-siamo-la-tua-vacanza/,404,/noi-siamo.html,
/offerte/come-in-una-favola/,404,/offerte,
/offerte/idea-regalo-regalate-un-soggiorno-in-montagna-ai-vostri-amici/,404,/offerte/idea-regalo-notte-monte-bianco,
/offerte/natale-sulle-alpi/,404,/offerte,
/offerte/unoccasione-speciale/,404,/offerte,
/offerte/yoga-experience/,404,/offerte,
/privacy-policy/,404,"— manca la pagina privacy: crearla, poi reindirizzare qui",
/promozioni/,404,/offerte,
/quando-la-valle-la-vuoi-ammirare-dallalto/,404,/quando-la-valle-la-vuoi-ammirare-dallalto.html,
/richiesta-disponibilita/,404,/contatti,
/thank-you/,404,/contatti,
/tipo_camere/camera-doppia-comfort-con-balcone-vista-monte-bianco/,404,/camere/doppia-comfort-monte-bianco,
/tipo_camere/camera-matrimoniale-economy-con-balcone/,404,/camere/doppia-economy,
/tipo_camere/family-junior-suite-con-soppalco-e-terrazza/,404,/camere/family-junior-suite,
/tipo_camere/matrimoniale-deluxe-con-terrazza/,404,/camere/matrimoniale-deluxe,
/tipo_camere/matrimoniale-standard-con-balcone/,404,/camere/doppia-standard,
/tour-storico-tra-castelli-medievali-e-resti-romani/,404,/tour-storico-tra-castelli-medievali-e-resti-romani.html,
