Data,Impr.
mar 5 mag 2026,1.297
mer 6 mag 2026,2.650
gio 7 mag 2026,1.861
ven 8 mag 2026,3.084
sab 9 mag 2026,10.100
dom 10 mag 2026,2.955
lun 11 mag 2026,3.290
mar 12 mag 2026,1.947
mer 13 mag 2026,1.671
gio 14 mag 2026,1.978
ven 15 mag 2026,1.696
sab 16 mag 2026,1.930
dom 17 mag 2026,2.102
lun 18 mag 2026,1.217
mar 19 mag 2026,1.382
mer 20 mag 2026,1.274
gio 21 mag 2026,1.446
ven 22 mag 2026,1.268
sab 23 mag 2026,2.640
dom 24 mag 2026,4.669
lun 25 mag 2026,4.339
mar 26 mag 2026,2.833
mer 27 mag 2026,2.779
gio 28 mag 2026,2.748
ven 29 mag 2026,4.184
sab 30 mag 2026,2.794
dom 31 mag 2026,2.772
lun 1 giu 2026,989
mar 2 giu 2026,2.209
mer 3 giu 2026,2.184
gio 4 giu 2026,3.205
ven 5 giu 2026,2.412
sab 6 giu 2026,2.426
dom 7 giu 2026,3.428
lun 8 giu 2026,2.338
mar 9 giu 2026,1.994
mer 10 giu 2026,4.942
gio 11 giu 2026,2.881
ven 12 giu 2026,2.210
sab 13 giu 2026,3.346
dom 14 giu 2026,4.337
lun 15 giu 2026,3.874
mar 16 giu 2026,2.368
mer 17 giu 2026,5.275
gio 18 giu 2026,3.123
ven 19 giu 2026,3.170
sab 20 giu 2026,5.778
dom 21 giu 2026,3.849
lun 22 giu 2026,2.620
mar 23 giu 2026,2.646
mer 24 giu 2026,4.057
gio 25 giu 2026,3.374
ven 26 giu 2026,3.203
sab 27 giu 2026,3.756
dom 28 giu 2026,3.599
lun 29 giu 2026,4.540
mar 30 giu 2026,4.928
mer 1 lug 2026,3.369
gio 2 lug 2026,3.757
ven 3 lug 2026,3.085
sab 4 lug 2026,2.819
dom 5 lug 2026,3.113
lun 6 lug 2026,2.542
mar 7 lug 2026,1.561
mer 8 lug 2026,1.981
gio 9 lug 2026,2.402
ven 10 lug 2026,3.251
sab 11 lug 2026,3.586
dom 12 lug 2026,2.444
lun 13 lug 2026,4.602
mar 14 lug 2026,1.799
mer 15 lug 2026,2.674
gio 16 lug 2026,2.387
ven 17 lug 2026,2.748
sab 18 lug 2026,1.989
dom 19 lug 2026,2.545
lun 20 lug 2026,1.989
mar 21 lug 2026,2.318
mer 22 lug 2026,2.503
gio 23 lug 2026,2.712
ven 24 lug 2026,2.059
sab 25 lug 2026,2.392
dom 26 lug 2026,1.533
lun 27 lug 2026,2.514
mar 28 lug 2026,2.607
mer 29 lug 2026,3.076
gio 30 lug 2026,1.899
ven 31 lug 2026,3.798
sab 1 ago 2026,3.329
dom 2 ago 2026,2.751
