tipo,parola_chiave
Esatta,11013 courmayeur ao hotel
Esatta,11016 la thuile
Esatta,21 barra 5 b&b aosta
Esatta,4 hotel courmayeur
Esatta,5 star hotels
Esatta,a casa di nonna ila courmayeur
Esatta,a l hostellerie du paradis
Esatta,achillea baceno
Esatta,ad aosta
Esatta,adler spa resorts & retreats
Esatta,aethos champoluc
Esatta,aethos monte rosa
Esatta,aethos monterosa foto
Esatta,aethos monterosa prezzi
Esatta,affitta camere aosta
Esatta,affittacamere entreves
Esatta,affittacamere il contadino pollein italy
Esatta,affittacamere pre saint didier
Esatta,affitti stagionali courmayeur
Esatta,agoda
Esatta,agoda hotel
Esatta,agriturismi in valle d aosta
Esatta,agriturismi val d aosta
Esatta,agriturismi valle d aosta
Esatta,agriturismo con piscina in valle d aosta
Esatta,agriturismo con piscina valle d aosta
Esatta,agriturismo valle d aosta
Esatta,airbnb
Esatta,airbnb valsavarenche
Esatta,al caminetto aosta
Esatta,al caminetto prezzi
Esatta,al caminetto valtournenche
Esatta,al castel pont saint martin
Esatta,al drit verres
Esatta,alagna valsesia hotel
Esatta,alberghi
Esatta,alberghi 4 stelle valle d aosta
Esatta,alberghi a courmayeur
Esatta,alberghi a courmayeur 3 stelle
Esatta,alberghi a la salle
Esatta,alberghi a la thuile
Esatta,alberghi a torgnon
Esatta,alberghi aosta
Esatta,alberghi aosta e dintorni
Esatta,alberghi aymavilles aosta
Esatta,alberghi brusson
Esatta,alberghi chamois
Esatta,alberghi courmayeur
Esatta,alberghi la thuile
Esatta,alberghi la thuile sulle piste
Esatta,alberghi o
Esatta,alberghi san vincent
Esatta,albergo
Esatta,albergo a
Esatta,albergo a courmayeur
Esatta,albergo a la thuile
Esatta,albergo aiguille noire foto
Esatta,albergo aosta
Esatta,albergo blanchetti
Esatta,albergo chalet plan gorret
Esatta,albergo con piscina aosta
Esatta,albergo courmayeur
Esatta,albergo croce bianca
Esatta,albergo dei camosci
Esatta,albergo dei camosci courmayeur
Esatta,albergo del viale courmayeur
Esatta,albergo edelweiss prezzi
Esatta,albergo galisia prezzi
Esatta,albergo gasthof rabenstein prezzi
Esatta,albergo grande rousse prezzi
Esatta,albergo gressoney saint jean
Esatta,albergo herbetet prezzi
Esatta,albergo hotel
Esatta,albergo hotel pavillon prezzi
Esatta,albergo il caminetto aosta
Esatta,albergo la meridiana prezzi
Esatta,albergo la pineta aymaville
Esatta,albergo la pineta prezzi
Esatta,albergo la thuile
Esatta,albergo laurent foto
Esatta,albergo laurent gaby
Esatta,albergo le marmotte
Esatta,albergo le marmotte prezzi
Esatta,albergo le marmotte pré saint didier
Esatta,albergo les combes
Esatta,albergo maison laurent wellness foto
Esatta,albergo maison laurent wellness prezzi
Esatta,albergo maison tissiere
Esatta,albergo maison tissiere prezzi
Esatta,albergo mancuso del voison
Esatta,albergo mancuso del voison aosta
Esatta,albergo meublè du soleil
Esatta,albergo meublè du soleil prezzi
Esatta,albergo mignon prezzi
Esatta,albergo miniere traversella
Esatta,albergo miravidi la magdeleine
Esatta,albergo mont nery challand saint anselme
Esatta,albergo nord brusson prezzi
Esatta,albergo nord prezzi
Esatta,albergo punta zerbion
Esatta,albergo purtud val veny
Esatta,albergo rosetta scopello
Esatta,albergo saint pierre
Esatta,albergo sport hotel zambelli lucia prezzi
Esatta,albergo vagneur
Esatta,albergo vetan aosta
Esatta,albergo villa anna maria prezzi
Esatta,albergo voison aosta
Esatta,alexander hotel alpine wellness dolomites prezzi
Esatta,all inclusive courmayeur
Esatta,alla posta saint vincent
Esatta,alloggi
Esatta,alloggio turistico
Esatta,almhotel bergerhof prezzi
Esatta,alp apartments ski & bike tourneuve5
Esatta,alpe rebelle bionaz
Esatta,alpechiara foto
Esatta,alpechiara prezzi
Esatta,alpen chalet charme mountain hotel & private spa
Esatta,alpen chalet schilpario
Esatta,alpenresort belvedere spa gourmet dolomiti
Esatta,alpenrose passo rolle
Esatta,alpi val d aosta
Esatta,alpin hotel pflersch
Esatta,alpin hotel restaurant frara
Esatta,alpine event lodge millefiori prezzi
Esatta,alpine forest hotel prezzi
Esatta,alpine nature hotel stoll prezzi
Esatta,alpino lodge bivio hotel & restaurant foto
Esatta,alta badia hotel 3 stelle
Esatta,amazing apartments in courmayeur
Esatta,anderbatt camere e cucina prezzi
Esatta,animal chic hotel la grange foto
Esatta,animal chic hotel la grange prezzi
Esatta,anisor parblanc
Esatta,anova hotel & spa montgenevre
Esatta,aosta
Esatta,aosta alberghi
Esatta,aosta albergo
Esatta,aosta attrazioni principali
Esatta,aosta bed and breakfast
Esatta,aosta centre apartments battaglione 10
Esatta,aosta centro
Esatta,aosta chambre d'hote
Esatta,aosta chamois
Esatta,aosta hostellerie du cheval blanc
Esatta,aosta hotel
Esatta,aosta hotel cecchin
Esatta,aosta hotel centro
Esatta,aosta hotel con spa
Esatta,aosta maison bondaz
Esatta,aosta old town
Esatta,aosta pila
Esatta,aosta ristorante
Esatta,aparthotel courmayeur
Esatta,aparthotel foyer d antan
Esatta,aquila alpina ceresole reale
Esatta,arabba hotel 3 stelle
Esatta,arnad
Esatta,arnouva val ferret
Esatta,arpy ostello
Esatta,au charmant petit lac
Esatta,au coeur de neige courmayeur
Esatta,au cœur des neiges prezzi
Esatta,au fond du bourg aosta
Esatta,au jardin fleuri
Esatta,auberge courmayeur
Esatta,auberge de la maison
Esatta,auberge de la maison courmayeur
Esatta,auberge de la maison foto
Esatta,auberge de la maison prezzi
Esatta,avelengo chalet mirabell
Esatta,b & b
Esatta,b & b valle d aosta
Esatta,b and b near me
Esatta,b&b
Esatta,b&b a biella
Esatta,b&b a pre saint didier
Esatta,b&b al nabuisson prezzi
Esatta,b&b aosta
Esatta,b&b aosta centro
Esatta,b&b aosta con spa
Esatta,b&b arnad
Esatta,b&b courmayeur
Esatta,b&b da verena fenis
Esatta,b&b fattorini baceno
Esatta,b&b il pino alpe devero
Esatta,b&b issogne
Esatta,b&b la boule de neige
Esatta,b&b la remisa la salle
Esatta,b&b la rosa celtica capo di ponte
Esatta,b&b la thuile
Esatta,b&b la vieille meison de pappa
Esatta,b&b le reve charmant aosta
Esatta,b&b le village montjovet
Esatta,b&b les chevreuils
Esatta,b&b maison bondaz
Esatta,b&b maison le cler
Esatta,b&b maison le cler prezzi
Esatta,b&b molino antico soncino
Esatta,b&b morgex
Esatta,b&b pre saint didier
Esatta,b&b valle d aosta economici
Esatta,baita
Esatta,baita jolie bergere
Esatta,baite courmayeur
Esatta,beau sejour arvier
Esatta,beau sejour etroubles
Esatta,beau sejour hotel
Esatta,beau séjour
Esatta,beau séjour sarre
Esatta,bed & breakfast
Esatta,bed and breakfast
Esatta,bed and breakfast aosta
Esatta,bed and breakfast courmayeur
Esatta,bed and breakfast la thuile
Esatta,bed and breakfast near me
Esatta,bella vista trafoi
Esatta,best western hotel
Esatta,bijoux des alpes mont blanc village
Esatta,bio aparthotel blasla
Esatta,bionaz lago
Esatta,bonotto hotel belvedere
Esatta,booking
Esatta,booking courmayeur
Esatta,booking hotel
Esatta,booking hubertus
Esatta,booking italia
Esatta,bookings
Esatta,bucaneve cervinia
Esatta,camera con spa milano
Esatta,campeggi con case mobili valle d aosta
Esatta,campeggi valle d aosta
Esatta,campeggio aosta
Esatta,camping gran paradiso
Esatta,capodanno ad aosta
Esatta,capodanno alle terme con cenone
Esatta,capodanno con il cane senza botti
Esatta,capodanno terme pre saint didier
Esatta,capodanno val d ayas
Esatta,casa ornella baita pra sec
Esatta,cavallino bianco ortisei prezzi
Esatta,centrale hotel courmayeur
Esatta,centro storico aosta
Esatta,cerca albergo
Esatta,cervinia hotel sulle piste
Esatta,chalet
Esatta,chalet al foss alp resort foto
Esatta,chalet al foss alp resort prezzi
Esatta,chalet courmayeur
Esatta,chalet eden blanc
Esatta,chalet eden eco hotel restaurant & wellness
Esatta,chalet gran paradiso
Esatta,chalet hotel svizzero di courmayeur
Esatta,chalet in valle d aosta
Esatta,chalet svizzero hotel & restaurant foto
Esatta,chambre d'hote aosta
Esatta,chambre d'hote courmayeur
Esatta,chambre d'hote la thuile
Esatta,chambres d'hotes courmayeur
Esatta,chambres d'hotes la thuile
Esatta,chamonix qc terme
Esatta,champoluc
Esatta,champoluc bed and breakfast
Esatta,champoluc hotel
Esatta,champoluc hotel con spa
Esatta,chateau feuillet 17 saint pierre 11010
Esatta,chatillon hotel rendez vous
Esatta,cheval blanc aosta
Esatta,chevre a cheval
Esatta,chez lidia di berard lidia prezzi
Esatta,chez nous saint oyen
Esatta,chianale dove dormire
Esatta,clusone alberghi
Esatta,cogne alberghi
Esatta,cogne appartamenti
Esatta,courmayeur
Esatta,courmayeur albergo
Esatta,courmayeur auberge de la maison
Esatta,courmayeur b&b
Esatta,courmayeur bed and breakfast
Esatta,courmayeur chambre d'hote
Esatta,courmayeur hotel
Esatta,courmayeur hotel capodanno
Esatta,courmayeur hotel con piscina
Esatta,courmayeur monte bianco
Esatta,courmayeur ristorante
Esatta,courmayeur stagione invernale
Esatta,crabun hotel
Esatta,dalai lama valle d aosta
Esatta,dalai lama village valle d aosta
Esatta,dalailama village prezzi
Esatta,dormire a courmayeur
Esatta,dove mangiare a courmayeur e dintorni
Esatta,family hotel courmayeur con piscina
Esatta,family hotel gressoney
Esatta,family hotel marilleva 1400
Esatta,family hotel valle d aosta con piscina
Esatta,foto di hotel grauson
Esatta,funivia ski courmayeur
Esatta,glassier ollomont ao
Esatta,gran baita luxury alpine resort prezzi
Esatta,grand hotel ceresole
Esatta,hameau le clou 44 jovençan jovençan 11020
Esatta,hostellerie du cheval blanc
Esatta,hostellerie du cheval blanc aosta ao
Esatta,hostellerie du cheval blanc prezzi
Esatta,hotel
Esatta,hotel & restaurant saint nicolas gran paradiso
Esatta,hotel & spa
Esatta,hotel 2 stelle pre saint didier
Esatta,hotel 2 stelle valle d aosta
Esatta,hotel 3 stelle
Esatta,hotel 4 stelle aosta
Esatta,hotel 4 stelle val d aosta
Esatta,hotel a aymavilles
Esatta,hotel a bormio 3 stelle
Esatta,hotel a champorcher
Esatta,hotel a courmayeur
Esatta,hotel a dolonne
Esatta,hotel a folgaria
Esatta,hotel a gignod
Esatta,hotel a la thuile
Esatta,hotel a pila valle d aosta
Esatta,hotel ad aosta
Esatta,hotel al caminetto aosta
Esatta,hotel all inclusive valle d aosta
Esatta,hotel alla posta saint vincent
Esatta,hotel alpenflora castelrotto
Esatta,hotel aosta
Esatta,hotel aosta centro
Esatta,hotel aosta mezza pensione
Esatta,hotel aperti
Esatta,hotel apogee courchevel
Esatta,hotel beau site brusson
Esatta,hotel belaval selva
Esatta,hotel bellevue cogne
Esatta,hotel belvedere cogne
Esatta,hotel benessere piemonte
Esatta,hotel berthod
Esatta,hotel berthod courmayeur telefono
Esatta,hotel biancaneve brissogne
Esatta,hotel billia saint vincent
Esatta,hotel boton d or & wellness
Esatta,hotel bouton d or cogne
Esatta,hotel breithorn cervinia
Esatta,hotel castor
Esatta,hotel chamois
Esatta,hotel chamois valle d aosta
Esatta,hotel champorcher valle d aosta
Esatta,hotel chateau saint pierre
Esatta,hotel cogne
Esatta,hotel cogne con spa
Esatta,hotel comtes de challant aoste
Esatta,hotel con piscina coperta per bambini valle d aosta
Esatta,hotel con ristorante
Esatta,hotel con spa aosta
Esatta,hotel courmayeur
Esatta,hotel crevacol
Esatta,hotel cristallo courmayeur
Esatta,hotel cristina chambave
Esatta,hotel de roses antey
Esatta,hotel dei camosci courmayeur
Esatta,hotel del viale courmayeur
Esatta,hotel des alpes castione della presolana
Esatta,hotel des alpes molveno
Esatta,hotel des roses prezzi
Esatta,hotel di aosta
Esatta,hotel diana jardin & spa foto
Esatta,hotel diana jardin & spa prezzi
Esatta,hotel du grand paradis cogne
Esatta,hotel duca d aosta
Esatta,hotel dujany nus
Esatta,hotel dujany prezzi
Esatta,hotel economici aosta e dintorni
Esatta,hotel etoile de neige
Esatta,hotel fenis valle d aosta
Esatta,hotel grand billia
Esatta,hotel gressoney foto
Esatta,hotel il caminetto canazei
Esatta,hotel in val ferret
Esatta,hotel indren alagna
Esatta,hotel jolie courmayeur
Esatta,hotel k2 oulx
Esatta,hotel l arolla
Esatta,hotel l espoir
Esatta,hotel la grange courmayeur
Esatta,hotel la rocca chatillon
Esatta,hotel la salle 5 stelle
Esatta,hotel la thuile
Esatta,hotel la thuile resort & spa
Esatta,hotel meridiana valtournenche
Esatta,hotel miage aosta
Esatta,hotel miage aosta telefono
Esatta,hotel milleluci aosta
Esatta,hotel miramonti prezzi
Esatta,hotel mont avic
Esatta,hotel mont avic resort
Esatta,hotel mont blanc courmayeur
Esatta,hotel paradis cogne
Esatta,hotel pavillon courmayeur
Esatta,hotel petit paradis
Esatta,hotel pila
Esatta,hotel pila 2000
Esatta,hotel pila lion noir
Esatta,hotel planibel
Esatta,hotel prato nevoso
Esatta,hotel primiero trentino
Esatta,hotel prodongo prezzi
Esatta,hotel punta maquignaz
Esatta,hotel rascard cervinia
Esatta,hotel relais des glaciers
Esatta,hotel relais du foyer
Esatta,hotel rendez vous chatillon
Esatta,hotel restaurant le charaban aoste
Esatta,hotel ristorante ondezana prezzi
Esatta,hotel ristorante paramont
Esatta,hotel roma aosta
Esatta,hotel spa
Esatta,hotel sulle piste da sci valle d aosta
Esatta,hotel th pila gressan
Esatta,hotel torgnon
Esatta,hotel torgnon con piscina
Esatta,hotel tourist valtournenche
Esatta,hotel val d ayas con piscina
Esatta,hotel valdotain villeneuve
Esatta,hotel valgardena
Esatta,hotel valle d aosta mezza pensione con piscina
Esatta,hotel valpelline lievre amoureux
Esatta,hotel village aosta
Esatta,hotels
Esatta,ht hotel courmayeur
Esatta,hôtel
Esatta,hôtels
Esatta,ih hotel courmayeur
Esatta,ih hotels courmayeur mont blanc
Esatta,l abri des amis
Esatta,l aiglon champoluc
Esatta,la belle epoque aosta
Esatta,la bicoque di follien sonia prezzi
Esatta,la chapelle porossan
Esatta,la grange courmayeur
Esatta,la luge d antan maison d hôtes & spa
Esatta,la madonnina del gran paradiso cogne
Esatta,la maison de lise hotel b&b prezzi
Esatta,la thuile albergo
Esatta,la thuile b&b
Esatta,la thuile bed and breakfast
Esatta,la thuile chambre d'hote
Esatta,la thuile hotel
Esatta,la thuile impianti sci
Esatta,la thuile impianti sciistici
Esatta,la thuile ristorante
Esatta,la trinitè monboso hotel prezzi
Esatta,le clocher antagnod
Esatta,le géant courmayeur apartments by marriott bonvoy
Esatta,le lièvre amoureux prezzi
Esatta,le montagnards balme
Esatta,le pageot aosta
Esatta,le relais du bourg chambres de charme prezzi
Esatta,le thovex la thuile
Esatta,les campanules les houches
Esatta,les rêves des montagnards appartements de charme
Esatta,lidl viaggi montagna
Esatta,lion noir gressan
Esatta,locanda la brenva entreves
Esatta,locanda lac place moulin prezzi
Esatta,luxury mountain hotel
Esatta,mafrica house aosta
Esatta,maison colombot aosta
Esatta,maison poluc champoluc
Esatta,miravalle
Esatta,montagna
Esatta,montagna pila
Esatta,montana lodge & spa
Esatta,monte pana dolomites hotel prezzi
Esatta,nh
Esatta,notre maison cogne telefono
Esatta,omama social hotel prezzi
Esatta,ospitalità religiosa valle d aosta
Esatta,pacchetti spa per coppie
Esatta,paradise hotel & wellness saint vincent
Esatta,prezzi di hotel tirol natural idyll
Esatta,qc terme
Esatta,residence monterosa
Esatta,resort
Esatta,resort con spa
Esatta,resort hotel
Esatta,rifugi gran paradiso
Esatta,rifugio alpino
Esatta,rifugio lavachey
Esatta,rifugio lavachey val ferret
Esatta,ristorante aosta
Esatta,ristorante cheverel la salle
Esatta,ristorante courmayeur
Esatta,ristorante la thuile
Esatta,ristoranti a courmayeur
Esatta,ristoranti a la thuile
Esatta,ristoranti courmayeur
Esatta,ristoranti la thuile
Esatta,ristoranti pre saint didier
Esatta,settimana bianca
Esatta,settimana relax
Esatta,silou retreat prezzi
Esatta,soggiorno spa e relax
Esatta,soleil alpine lifestyle hotel
Esatta,spa
Esatta,spa courmayeur
Esatta,spa hotel
Esatta,sr18 pila pos pila gressan vallée d aoste italie
Esatta,staycation
Esatta,terme
Esatta,th courmayeur hotel
Esatta,th la thuile planibel residence
Esatta,th resorts courmayeur
Esatta,turismo
Esatta,un hotel
Esatta,vacanza
Esatta,val da aosta
Esatta,val di rhêmes hotel
Esatta,val ferret courmayeur
Esatta,val veny dove dormire
Esatta,valdaosta
Esatta,valgrisa aosta
Esatta,valle d aosta capodanno
Esatta,valle d aosta hotel economici
Esatta,valtur cristallo cervinia
Esatta,via saint marc 5 11017 morgex ao
Esatta,voi
Esatta,walser courmayeur
Esatta,weekend romantico
Frase,5 star
Frase,5 stelle
Frase,ad alba
Frase,ad aosta
Frase,addetto alle pulizie
Frase,adults only
Frase,aiuto cuoco
Frase,alberghi aosta
Frase,albergo aosta
Frase,all inclusive
Frase,alta badia
Frase,alto adige
Frase,animazione
Frase,annunci di lavoro
Frase,apartments
Frase,apprendistato
Frase,assumono
Frase,assunzioni
Frase,b&b aosta
Frase,booking aosta
Frase,borghi da visitare
Frase,bubble room
Frase,busta paga
Frase,camera con spa
Frase,cameriere
Frase,camerieri
Frase,candidarsi
Frase,candidatura
Frase,carriere
Frase,ccnl
Frase,cenone
Frase,centro aosta
Frase,cerca hotel
Frase,cercasi
Frase,cerchiamo
Frase,cerco lavoro
Frase,cerco personale
Frase,cerco un albergo
Frase,colloquio
Frase,concorso
Frase,curricula
Frase,curriculum
Frase,dove andare
Frase,duca
Frase,emploi
Frase,facchino
Frase,family resort
Frase,foliage
Frase,governante
Frase,gran san bernardo
Frase,hiring
Frase,hotel aosta
Frase,hotel con vasca
Frase,hotel details
Frase,indeed
Frase,info alberghi
Frase,infojobs
Frase,job
Frase,jobrapido
Frase,jobs
Frase,kronplatz
Frase,lavapiatti
Frase,lavora con noi
Frase,lavoro alberghiero
Frase,lavoro in albergo
Frase,lavoro in hotel
Frase,lavoro stagionale
Frase,lavoro stagione
Frase,linkedin
Frase,locanda
Frase,madonna di campiglio
Frase,maison
Frase,mezza pensione
Frase,near me
Frase,nearby
Frase,offerte di lavoro
Frase,offre d'emploi
Frase,passo del tonale
Frase,pensione completa
Frase,piscina
Frase,plan de corones
Frase,pont saint martin
Frase,ponte di legno
Frase,portiere di notte
Frase,posizioni aperte
Frase,prenotare hotel
Frase,prenotazione hotel
Frase,preventivi hotel
Frase,prezzi hotel
Frase,qc terme monte bianco recensioni
Frase,receptionist
Frase,recruiting
Frase,recrutement
Frase,regala
Frase,saint rhemy
Frase,saint vincent
Frase,san martino di castrozza
Frase,santa cristina val gardena
Frase,selva di val gardena
Frase,sito per prenotare
Frase,spa and resort
Frase,spa aosta
Frase,spa in camera
Frase,spa of wonders
Frase,spa privata
Frase,st vincent
Frase,stipendio
Frase,strutture alberghiere
Frase,suite con spa
Frase,sulle piste
Frase,tirocinio
Frase,vacancy
Frase,val casies
Frase,val di fassa
Frase,val di fiemme
Frase,val gardena
Frase,val ridanna
Frase,valle aurina
Frase,vecchio mulino
Frase,vicini a me
Frase,vicino a me
Generica,5 stelle
Generica,abetone
Generica,Affittacamere
Generica,agriturismi
Generica,agriturismo
Generica,airbnb
Generica,Al caminetto
Generica,alagna
Generica,all inclusive
Generica,Alpechiara
Generica,Alpin
Generica,Alpnerose
Generica,antagnod
Generica,antey
Generica,Arabba
Generica,arnad
Generica,Baita
Generica,bardonecchia
Generica,Biella
Generica,Billia
Generica,Bionaz
Generica,booking
Generica,bormio
Generica,brissogne
Generica,brusson
Generica,campeggi
Generica,campeggio
Generica,camping
Generica,Canazei
Generica,canazei
Generica,castelrotto
Generica,Centro
Generica,cervinia
Generica,Chalet
Generica,chamois
Generica,chamonix
Generica,champoluc
Generica,champorcher
Generica,chatillon
Generica,cinque stelle
Generica,cogne
Generica,cogne bellevue
Generica,Comosci
Generica,cortina
Generica,crevacol
Generica,dalai lama
Generica,del viale
Generica,dolomites
Generica,dolomiti
Generica,Dolomiti
Generica,Economici
Generica,Economico
Generica,Edelweiss
Generica,entreves
Generica,etroubles
Generica,expedia
Generica,funivia
Generica,glassier
Generica,gran paradiso
Generica,gressoney
Generica,hotels com
Generica,La trinitè
Generica,livigno
Generica,Meublè
Generica,mezza pensione
Generica,Milano
Generica,Miramonti
Generica,mont avic
Generica,Montagna
Generica,montana
Generica,Monte rosa
Generica,Monterosa
Generica,Montjovet
Generica,Montuosa
Generica,Nonna
Generica,Nus
Generica,offerte
Generica,Ollomont
Generica,Omama
Generica,ortisei
Generica,Oulx
Generica,Passo rolle
Generica,Piemonte
Generica,pila
Generica,piscina
Generica,piscine
Generica,resort mont avic
Generica,Retreat
Generica,rhemes
Generica,rifugi
Generica,Rifugio
Generica,ristorante
Generica,ristoranti
Generica,roccaraso
Generica,saint vincent
Generica,sconti
Generica,Selva
Generica,sestriere
Generica,Th
Generica,torgnon
Generica,trentino
Generica,trivago
Generica,val badia
Generica,val d ayas
Generica,valtournenche
Generica,verres
Generica,Vetan
Generica,Walser
